--○ 데이터 입력 쿼리문

-- ADDRESS 테이블 데이터 입력 쿼리문
INSERT INTO ADDRESS(ADDRESS_CODE, ZIP_CODE, SI, GU, DONG) VALUES('ADR1', '40461', '서울시', '마포구', '서교동');
INSERT INTO ADDRESS(ADDRESS_CODE, ZIP_CODE, SI, GU, DONG) VALUES('ADR2', '40462', '서울시', '마포구', '동교동');
INSERT INTO ADDRESS (ADDRESS_CODE, ZIP_CODE, SI, GU, DONG) VALUES ('ADR3', '40463', '서울시', '마포구', '합정동');


-- USER_GRADE 테이블 데이터 입력 쿼리문
INSERT INTO USER_GRADE (GRADE_CODE, GRADE_NAME, MIN_SCORE) VALUES ('GR1', '준회원', 10);
INSERT INTO USER_GRADE (GRADE_CODE, GRADE_NAME, MIN_SCORE) VALUES ('GR2', '초보집사', 20);
INSERT INTO USER_GRADE (GRADE_CODE, GRADE_NAME, MIN_SCORE) VALUES ('GR3', '열혈집사', 100);
INSERT INTO USER_GRADE (GRADE_CODE, GRADE_NAME, MIN_SCORE) VALUES ('GR4', '최고집사', 200);


-- USER_REG 테이블 데이터 입력 쿼리문
INSERT INTO USER_REG (USER_CODE, ID, USER_NAME, PWD, TEL, EMAIL, GRADE, NICKNAME, ADDRESS_CODE) 
VALUES ('US1', 'jyb7488', '진윤비', 'java006$', '010-1111-1111', 'jyb7488@naver.com', 'GR1', '진윤배꼽', 'ADR1');
INSERT INTO USER_REG (USER_CODE, ID, USER_NAME, PWD, TEL, EMAIL, GRADE, NICKNAME, ADDRESS_CODE) 
VALUES ('US2', 'nare0705', '임나래', 'java006$', '010-2222-2222', 'nare0705@naver.com', 'GR1', '나래임', 'ADR2');
INSERT INTO USER_REG (USER_CODE, ID, USER_NAME, PWD, TEL, EMAIL, GRADE, NICKNAME, ADDRESS_CODE) 
VALUES ('US3', 'test123', '홍길동', 'java006$', '010-3333-3333', 'test123@naver.com', 'GR1', '호부호형', 'ADR3');


-- RESPONSE_TYPE 테이블 데이터 입력 쿼리문
INSERT INTO RESPONSE_TYPE (YESNO, RES_TYPE) VALUES ('RT1', '긍정');
INSERT INTO RESPONSE_TYPE (YESNO, RES_TYPE) VALUES ('RT2', '부정');
INSERT INTO RESPONSE_TYPE (YESNO, RES_TYPE) VALUES ('RT3', '모름(상관없음)');


-- CAT_TYPE
INSERT INTO CAT_TYPE (SPECIES_CODE, SPECIES, SPECIES_IMG) VALUES ('SP1', '치즈태비', 'abc1.png');
INSERT INTO CAT_TYPE (SPECIES_CODE, SPECIES, SPECIES_IMG) VALUES ('SP2', '고등어태비', 'abc1.png');
INSERT INTO CAT_TYPE (SPECIES_CODE, SPECIES, SPECIES_IMG) VALUES ('SP3', '카오스', 'abc1.png');
INSERT INTO CAT_TYPE (SPECIES_CODE, SPECIES, SPECIES_IMG) VALUES ('SP4', '삼색이', 'abc1.png');
INSERT INTO CAT_TYPE (SPECIES_CODE, SPECIES, SPECIES_IMG) VALUES ('SP5', '턱시도', 'abc1.png');
INSERT INTO CAT_TYPE (SPECIES_CODE, SPECIES, SPECIES_IMG) VALUES ('SP6', '올블랙', 'abc1.png');
INSERT INTO CAT_TYPE (SPECIES_CODE, SPECIES, SPECIES_IMG) VALUES ('SP7', '젖소', 'abc1.png');
INSERT INTO CAT_TYPE (SPECIES_CODE, SPECIES, SPECIES_IMG) VALUES ('SP8', '올화이트', 'abc1.png');
INSERT INTO CAT_TYPE (SPECIES_CODE, SPECIES, SPECIES_IMG) VALUES ('SP9', '샴', 'abc1.png');
INSERT INTO CAT_TYPE (SPECIES_CODE, SPECIES, SPECIES_IMG) VALUES ('SP10', '러시안블루', 'abc1.png');
INSERT INTO CAT_TYPE (SPECIES_CODE, SPECIES, SPECIES_IMG) VALUES ('SP11', '페르시안', 'abc1.png');
INSERT INTO CAT_TYPE (SPECIES_CODE, SPECIES, SPECIES_IMG) VALUES ('SP12', '스코티쉬 폴드', 'abc1.png');
INSERT INTO CAT_TYPE (SPECIES_CODE, SPECIES, SPECIES_IMG) VALUES ('SP13', '뱅갈', 'abc1.png');
INSERT INTO CAT_TYPE (SPECIES_CODE, SPECIES, SPECIES_IMG) VALUES ('SP14', '아메리칸 숏헤어', 'abc1.png');
INSERT INTO CAT_TYPE (SPECIES_CODE, SPECIES, SPECIES_IMG) VALUES ('SP15', '노르웨이숲', 'abc1.png');
INSERT INTO CAT_TYPE (SPECIES_CODE, SPECIES, SPECIES_IMG) VALUES ('SP16', '먼치킨', 'abc1.png');
INSERT INTO CAT_TYPE (SPECIES_CODE, SPECIES, SPECIES_IMG) VALUES ('SP17', '그 외', 'abc1.png');


-- CAT_SEX 테이블 데이터 입력 쿼리문
INSERT INTO CAT_SEX (SEX_CODE, SEX) VALUES ('CS1', '암컷');
INSERT INTO CAT_SEX (SEX_CODE, SEX) VALUES ('CS2', '수컷');
INSERT INTO CAT_SEX (SEX_CODE, SEX) VALUES ('CS3', '알수없음');


-- CAT_STATUS 테이블 데이터 입력 쿼리문
INSERT INTO CAT_STATUS (STATUS_CODE, STATUS) VALUES ('CST1', '관리');
INSERT INTO CAT_STATUS (STATUS_CODE, STATUS) VALUES ('CST2', '통합');
INSERT INTO CAT_STATUS (STATUS_CODE, STATUS) VALUES ('CST3', '사망');


-- CAT 테이블 데이터 입력 쿼리문
INSERT INTO CAT (CAT_CODE, CAT_NAME, CAT_ADDRESS, CAT_SPECIES, CAT_SEX, CAT_ECT1, CAT_ECT2, CAT_STATUS, CAT_REP_IMG, USER_CODE)
VALUES ('CAT1', '냥아취', 'ADR1', 'SP2', 'CS3', '못생겼어요', '왼쪽 앞다리를 절어요', 'CST1', 'abc123.png', 'US1');

INSERT INTO CAT (CAT_CODE, CAT_NAME, CAT_ADDRESS, CAT_SPECIES, CAT_SEX, CAT_ECT1, CAT_ECT2, CAT_STATUS, CAT_REP_IMG, USER_CODE)
VALUES ('CAT2', '춘식이', 'ADR2', 'SP3', 'CS3', '뚱뚱해요', '꼬리가 잘려있어요', 'CST1', 'abc124.png', 'US2');

INSERT INTO CAT (CAT_CODE, CAT_NAME, CAT_ADDRESS, CAT_SPECIES, CAT_SEX, CAT_ECT1, CAT_ECT2, CAT_STATUS, CAT_REP_IMG, USER_CODE)
VALUES ('CAT3', '치즈', 'ADR1', 'SP1', 'CS2', '말을 참 잘들어요', '건강해요', 'CST1', 'abc125.png', 'US1');


-- ADT_CAT_AGE 테이블 데이터 입력 쿼리문
INSERT INTO ADT_CAT_AGE (CAT_AGE_CODE, CAT_AGE_TYPE) VALUES ('ADCA1', '성묘');
INSERT INTO ADT_CAT_AGE (CAT_AGE_CODE, CAT_AGE_TYPE) VALUES ('ADCA2', '아기묘');


-- ADT_PROCESS 테이블 데이터 입력 쿼리문
INSERT INTO ADT_PROCESS (ADT_PROC_CODE, ADT_PROC) VALUES ('ADP1', '입양 진행');
INSERT INTO ADT_PROCESS (ADT_PROC_CODE, ADT_PROC) VALUES ('ADP2', '입양 보류');
INSERT INTO ADT_PROCESS (ADT_PROC_CODE, ADT_PROC) VALUES ('ADP3', '입양 확정');


-- ADT_JOB 테이블 데이터 입력 쿼리문
INSERT INTO ADT_JOB (ADT_JOB, ANSWER) VALUES('ADJ1', '상관없음');
INSERT INTO ADT_JOB (ADT_JOB, ANSWER) VALUES('ADJ2', '학생');
INSERT INTO ADT_JOB (ADT_JOB, ANSWER) VALUES('ADJ3', '직장인');
INSERT INTO ADT_JOB (ADT_JOB, ANSWER) VALUES('ADJ4', '기타');


-- ADT_FAMILY_NUM 테이블 데이터 입력 쿼리문
INSERT INTO ADT_FAMILY_NUM (ADT_FAMILY_NUM, ANSWER) VALUES ('ADFN1', '상관없음');
INSERT INTO ADT_FAMILY_NUM (ADT_FAMILY_NUM, ANSWER) VALUES ('ADFN2', '1명');
INSERT INTO ADT_FAMILY_NUM (ADT_FAMILY_NUM, ANSWER) VALUES ('ADFN3', '2명');
INSERT INTO ADT_FAMILY_NUM (ADT_FAMILY_NUM, ANSWER) VALUES ('ADFN4', '3명 이상');


-- ACTY_TYPE 테이블 데이터 입력 쿼리문
INSERT INTO ACT_TYPE (ACT_TYPE_CODE, ACT_TYPE) VALUES ('AT1', '먹이');
INSERT INTO ACT_TYPE (ACT_TYPE_CODE, ACT_TYPE) VALUES ('AT2', '물');
INSERT INTO ACT_TYPE (ACT_TYPE_CODE, ACT_TYPE) VALUES ('AT3', '간식');
INSERT INTO ACT_TYPE (ACT_TYPE_CODE, ACT_TYPE) VALUES ('AT4', '약');
INSERT INTO ACT_TYPE (ACT_TYPE_CODE, ACT_TYPE) VALUES ('AT5', '만남');


-- BBS_TYPE 테이블 데이터 입력 쿼리문
INSERT INTO BBS_TYPE (BBS_TYPE_CODE, BBS_TYPE) VALUES ('BT1', '잡담');
INSERT INTO BBS_TYPE (BBS_TYPE_CODE, BBS_TYPE) VALUES ('BT2', '질문');
INSERT INTO BBS_TYPE (BBS_TYPE_CODE, BBS_TYPE) VALUES ('BT3', '일기');


-- ACT_REG 테이블 데이터 입력 쿼리문
INSERT INTO ACT_REG (ACT_CODE, CAT_CODE, USER_CODE, ACT_TYPE, CONTENT, LATITUDE, LONGITUDE, ACT_LOCATION, ACT_DATE)
VALUES ('AR1', 'CAT1', 'US1', 'AT1', '숨 넘어갈듯이 먹어요', '37.55647330234802', '123.91954962171273', '마포구 서교동', TO_DATE('2019-07-04','YYYY-MM-DD'));
INSERT INTO ACT_REG (ACT_CODE, CAT_CODE, USER_CODE, ACT_TYPE, CONTENT, LATITUDE, LONGITUDE, ACT_LOCATION, ACT_DATE)
VALUES ('AR2', 'CAT2', 'US2', 'AT5', '길가다가 만났어요', '37.55647330234802', '123.91954962171273', '마포구 합정동', TO_DATE('2019-07-03','YYYY-MM-DD'));


-- BBS_REG 테이블 데이터 입력 쿼리문
INSERT INTO BBS_REG (BBS_CODE, USER_CODE, TITLE, CONTENT, TYPE_CODE, HIT_COUNT)
VALUES ('BR1', 'US1', '안녕하세요~', '저는 윤배에요~', 'BT1', 0);
INSERT INTO BBS_REG (BBS_CODE, USER_CODE, TITLE, CONTENT, TYPE_CODE, HIT_COUNT)
VALUES ('BR2', 'US1', '휴', '코딩하기 싫은 하루구만', 'BT3', 0);


-- ADT_TYPE 테이블 데이터 입력 쿼리문
INSERT INTO ADT_TYPE (ADT_TYPE_CODE, ADT_TYPE) VALUES ('ADT1', '긴급입양');
INSERT INTO ADT_TYPE (ADT_TYPE_CODE, ADT_TYPE) VALUES ('ADT2', '분실의심');
INSERT INTO ADT_TYPE (ADT_TYPE_CODE, ADT_TYPE) VALUES ('ADT3', '치료필요');
INSERT INTO ADT_TYPE (ADT_TYPE_CODE, ADT_TYPE) VALUES ('ADT4', '장애있음');


-- ADT_REG 테이블 데이터 입력 쿼리문
INSERT INTO ADT_REG (ADT_CODE, ADT_PROC_CODE, CAT_NAME, CAT_ADDRESS, RSQ_DATE, CAT_SPECIES, CAT_AGE_CODE, CAT_AGE, CAT_SEX, ADT_TYPE
, CAT_ECT1, CAT_ECT2, CAT_REP_IMG, USER_CODE, TEL, EMAIL, ADT_REASON, ADT_CAT_EXP, ADT_JOB, ADT_MARRIAGE, ADT_FAMILY_NUM)
VALUES ('ADO1', 'ADP1', '퉁퉁이', 'ADR1', TO_DATE('2019-07-01','YYYY-MM-DD'), 'SP4','ADCA1', '22개월', 'CS2', 'ADT1'
, '냥이가 밥을 잘 못먹어요', '냥이가 너무 말랏어요', 'aaa123.png', 'US2', '010-2222-2222', 'nare0705@naver.com', '돈이 없어요'
, 'RT3' ,'ADJ3', 'RT3', 'ADFN1');

INSERT INTO ADT_REG (ADT_CODE, ADT_PROC_CODE, CAT_NAME, CAT_ADDRESS, RSQ_DATE, CAT_SPECIES, CAT_AGE_CODE, CAT_AGE, CAT_SEX, ADT_TYPE
, CAT_ECT1, CAT_ECT2, CAT_REP_IMG, USER_CODE, TEL, EMAIL, ADT_REASON, ADT_CAT_EXP, ADT_JOB, ADT_MARRIAGE, ADT_FAMILY_NUM)
VALUES ('ADO2', 'ADP1', '비실이', 'ADR2', TO_DATE('2019-07-02','YYYY-MM-DD'), 'SP7', 'ADCA2', '3개월', 'CS1', 'ADT1'
, '냥이가 밥을 너무 잘 먹어요', '냥이가 포동해요', 'aaa124.png', 'US3', '010-3333-3333', 'abc123@naver.com', '알레르기가 있어요'
, 'RT3' ,'ADJ3', 'RT3', 'ADFN1');


-- ADT_LIKE 테이블 데이터 입력 쿼리문
INSERT INTO ADT_LIKE (ADT_LIKE_CODE, ADT_CODE, USER_CODE) VALUES ('ADL1', 'ADO1', 'US1');
INSERT INTO ADT_LIKE (ADT_LIKE_CODE, ADT_CODE, USER_CODE) VALUES ('ADL2', 'ADO2', 'US2');
INSERT INTO ADT_LIKE (ADT_LIKE_CODE, ADT_CODE, USER_CODE) VALUES ('ADL3', 'ADO1', 'US2');


-- CAPT 테이블 데이터 입력 쿼리문
INSERT INTO CAPT (CAPT_CODE, CAT_CODE1, CAT_CODE2) VALUES ('CA1', 'CAT1', 'CAT2');


--MIS_CAT 테이블 데이터 입력 쿼리문
INSERT INTO MIS_CAT (MIS_CODE, TITLE, CAT_NAME, MIS_LOCATION, MIS_DATE, CAT_SPECIES, CAT_AGE_CODE, CAT_AGE ,CAT_SEX
, CAT_ECT1, CAT_ECT2, USER_CODE, TEL, EMAIL, CAT_REP_IMG)
VALUES ('MC1', '눈비를 찾아주세요', '진눈비', 'ADR3', TO_DATE( '2019-06-25','YYYY-MM-DD'), 'SP6', 'ADCA2', '3개월', 'CS1'
, '특이사항 내용~', '기타사항 내용~', 'US1', '010-1234-5678', 'abcd123@hanmail.com', 'ddd123.jpg');

INSERT INTO MIS_CAT (MIS_CODE, TITLE, CAT_NAME, MIS_LOCATION, MIS_DATE, CAT_SPECIES, CAT_AGE_CODE, CAT_AGE ,CAT_SEX
, CAT_ECT1, CAT_ECT2, USER_CODE, TEL, EMAIL, CAT_REP_IMG)
VALUES ('MC2', '고양이가 집을 나갔어요', '진폭우', 'ADR2', TO_DATE('2019-06-28','YYYY-MM-DD'), 'SP4', 'ADCA1', '26개월', 'CS1'
, '특이사항 내용~', '기타사항 내용~', 'US2', '010-1234-5678', 'xyz123@hanmail.com', 'qqq123.jpg');


-- MERGE_REQUEST 테이블 데이터 입력 쿼리문
INSERT INTO MERGE_REQUEST (REQ_CODE, USER_CODE, CAT_CODE1, CAT_CODE2) VALUES ('MGR1', 'US1', 'CAT1', 'CAT2');


-- BOARD_TYPE 테이블 데이터 입력 쿼리문
INSERT INTO BOARD_TYPE (BOARD_CODE, BOARD_NAME) VALUES ('BD1', '길냥이 관리');
INSERT INTO BOARD_TYPE (BOARD_CODE, BOARD_NAME) VALUES ('BD2', '입양');
INSERT INTO BOARD_TYPE (BOARD_CODE, BOARD_NAME) VALUES ('BD3', '실종');
INSERT INTO BOARD_TYPE (BOARD_CODE, BOARD_NAME) VALUES ('BD4', '자유게시판');


-- USER_ACT_TYPE 테이블 데이터 입력 쿼리문
INSERT INTO USER_ACT_TYPE (ACT_CODE, ACT_NAME) VALUES ('UST1', '글작성');
INSERT INTO USER_ACT_TYPE (ACT_CODE, ACT_NAME) VALUES ('UST2', '댓글작성');
INSERT INTO USER_ACT_TYPE (ACT_CODE, ACT_NAME) VALUES ('UST3', '갤러리사진추가');
INSERT INTO USER_ACT_TYPE (ACT_CODE, ACT_NAME) VALUES ('UST4', '입양신청');


-- GAL_REG 테이블 데이터 입력 쿼리문
INSERT INTO GAL_REG (GAL_IMG_CODE, CAT_CODE, IMG_FILE) VALUES ('GIC1', 'CAT1', 'abb123.jpg');
INSERT INTO GAL_REG (GAL_IMG_CODE, CAT_CODE, IMG_FILE) VALUES ('GIC2', 'CAT3', 'abb321.jpg');


-- REPORT_TYPE 테이블 데이터 입력 쿼리문
INSERT INTO REPORT_TYPE (REPORT_TYPE_CODE, REPORT_NAME) VALUES ('RP1', '부적절한 정보');
INSERT INTO REPORT_TYPE (REPORT_TYPE_CODE, REPORT_NAME) VALUES ('RP2', '고양이 사망');
INSERT INTO REPORT_TYPE (REPORT_TYPE_CODE, REPORT_NAME) VALUES ('RP3', '통합 오류');


-- ADT_GENDER 테이블 데이터 입력 쿼리문
INSERT INTO ADT_GENDER (ADT_GENDER, ANSWER) VALUES ('ADG1', '남');
INSERT INTO ADT_GENDER (ADT_GENDER, ANSWER) VALUES ('ADG2', '여');


-- ADT_RESIDENCE 테이블 데이터 입력 쿼리문
INSERT INTO ADT_RESIDENCE (ADT_RESIDENCE, ANSWER) VALUES ('ADRS1', '아파트');
INSERT INTO ADT_RESIDENCE (ADT_RESIDENCE, ANSWER) VALUES ('ADRS2', '빌라');
INSERT INTO ADT_RESIDENCE (ADT_RESIDENCE, ANSWER) VALUES ('ADRS3', '단독주택');
INSERT INTO ADT_RESIDENCE (ADT_RESIDENCE, ANSWER) VALUES ('ADRS4', '그 외');


-- ADT_CONSENT 테이블 데이터 입력 쿼리문
INSERT INTO ADT_CONSENT (ADT_CONSENT, ANSWER) VALUES ('ADC1', '동의');
INSERT INTO ADT_CONSENT (ADT_CONSENT, ANSWER) VALUES ('ADC2', '일부 동의');
INSERT INTO ADT_CONSENT (ADT_CONSENT, ANSWER) VALUES ('ADC3', '반대');


-- ADT_PET_NUM 테이블 데이터 입력 쿼리문
INSERT INTO ADT_PET_NUM (ADT_PET_NUM, ANSWER) VALUES ('ADPN1', '없음');
INSERT INTO ADT_PET_NUM (ADT_PET_NUM, ANSWER) VALUES ('ADPN2', '1마리');
INSERT INTO ADT_PET_NUM (ADT_PET_NUM, ANSWER) VALUES ('ADPN3', '2마리');
INSERT INTO ADT_PET_NUM (ADT_PET_NUM, ANSWER) VALUES ('ADPN4', '3마리 이상');


-- ADT_CARE_TIME 테이블 데이터 입력 쿼리문
INSERT INTO ADT_CARE_TIME (ADT_CARE_TIME, ANSWER) VALUES ('ADCT1', '1시간 이하');
INSERT INTO ADT_CARE_TIME (ADT_CARE_TIME, ANSWER) VALUES ('ADCT2', '1시간 ~ 2시간');
INSERT INTO ADT_CARE_TIME (ADT_CARE_TIME, ANSWER) VALUES ('ADCT3', '2시간 이상');


-- MERGE_ANSWER 테이블 데이터 입력 쿼리문
INSERT INTO MERGE_ANSWER (ANS_CODE, REQ_CODE, USER_CODE, YESNO) VALUES ('MGA1', 'MGR1', 'US3', 'RT2');


-- SCORE_ALLOT 테이블 데이터 입력 쿼리문
INSERT INTO SCORE_ALLOT (SCORE_CODE, BOARD_CODE, ACT_CODE, POINT) VALUES ('SCA1', 'BD1', 'UST1', 1);
INSERT INTO SCORE_ALLOT (SCORE_CODE, BOARD_CODE, ACT_CODE, POINT) VALUES ('SCA2', 'BD1', 'UST2', 1);
INSERT INTO SCORE_ALLOT (SCORE_CODE, BOARD_CODE, ACT_CODE, POINT) VALUES ('SCA3', 'BD1', 'UST3', 1);
INSERT INTO SCORE_ALLOT (SCORE_CODE, BOARD_CODE, ACT_CODE, POINT) VALUES ('SCA4', 'BD2', 'UST1', 1);
INSERT INTO SCORE_ALLOT (SCORE_CODE, BOARD_CODE, ACT_CODE, POINT) VALUES ('SCA5', 'BD2', 'UST2', 1);
INSERT INTO SCORE_ALLOT (SCORE_CODE, BOARD_CODE, ACT_CODE, POINT) VALUES ('SCA6', 'BD2', 'UST4', 1);
INSERT INTO SCORE_ALLOT (SCORE_CODE, BOARD_CODE, ACT_CODE, POINT) VALUES ('SCA7', 'BD3', 'UST1', 1);
INSERT INTO SCORE_ALLOT (SCORE_CODE, BOARD_CODE, ACT_CODE, POINT) VALUES ('SCA8', 'BD3', 'UST2', 1);
INSERT INTO SCORE_ALLOT (SCORE_CODE, BOARD_CODE, ACT_CODE, POINT) VALUES ('SCA9', 'BD4', 'UST1', 1);
INSERT INTO SCORE_ALLOT (SCORE_CODE, BOARD_CODE, ACT_CODE, POINT) VALUES ('SCA10', 'BD4', 'UST2', 1);


-- ADT_AGE 테이블 데이터 입력 쿼리문
INSERT INTO ADT_AGE (ADT_AGE, ANSWER) VALUES ('ADA1', '10대');
INSERT INTO ADT_AGE (ADT_AGE, ANSWER) VALUES ('ADA2', '20대');
INSERT INTO ADT_AGE (ADT_AGE, ANSWER) VALUES ('ADA3', '30대');
INSERT INTO ADT_AGE (ADT_AGE, ANSWER) VALUES ('ADA4', '40대');
INSERT INTO ADT_AGE (ADT_AGE, ANSWER) VALUES ('ADA5', '50대 이상');


-- REPORT_LIST 테이블 데이터 입력 쿼리문
INSERT INTO REPORT_LIST (REPORT_CODE, REPORT_TYPE_CODE, REPORT_CONTENT, USER_CODE, BOARD_CODE, POST_CODE)
VALUES ('RPL1', 'RP1', '이상한 사진을 올려요', 'US1', 'BD1','1');


-- FOLLOW 테이블 데이터 입력 쿼리문
INSERT INTO FOLLOW (FOLLOW_CODE, CAT_CODE, USER_CODE) VALUES ('FO1', 'CAT1', 'US1');
INSERT INTO FOLLOW (FOLLOW_CODE, CAT_CODE, USER_CODE) VALUES ('FO2', 'CAT1', 'US2');


-- EMAIL_INQUIRY 테이블 데이터 입력 쿼리문
INSERT INTO EMAIL_INQUIRY (EMAIL_CODE, CONTENT, TITLE, USER_CODE) VALUES ('EM1', '힘이 너무 들어요', '으악', 'US2');


-- BBS_CMT 테이블 데이터 입력 쿼리문
INSERT INTO BBS_CMT (BBS_CMT_CODE, BBS_CODE, USER_CODE, CONTENT) VALUES ('BC1', 'BR1', 'US1', '와우 대단해요');


-- BBS_LIKE 테이블 데이터 입력 쿼리문
INSERT INTO BBS_LIKE (LIKE_CODE, BBS_CODE, USER_CODE) VALUES ('BL1', 'BR1', 'US1');
INSERT INTO BBS_LIKE (LIKE_CODE, BBS_CODE, USER_CODE) VALUES ('BL2', 'BR1', 'US2');


-- GAL_LIKE 테이블 데이터 입력 쿼리문
INSERT INTO GAL_LIKE (GAL_LIKE_CODE, GAL_IMG_CODE, USER_CODE) VALUES ('GIL1', 'GIC1', 'US1');


-- MERGE_VOTE 테이블 데이터 입력 쿼리문
INSERT INTO MERGE_VOTE (VOTE_CODE, ANS_CODE, USER_CODE, YESNO) VALUES ('MGV1', 'MGA1', 'US2', 'RT1');


-- SEND_MESSAGES 테이블 데이터 입력 쿼리문
INSERT INTO SEND_MESSAGES (MES_CODE, USER_CODE1, USER_CODE2, MES_TITLE, MES_CONTENT, READ_DATE, SEND_DEL_DATE, READ_DEL_DATE)
VALUES ('SM1', 'US1', 'US2', '하위', '바위', NULL, NULL, NULL);


-- CAPT_FINISH 테이블 데이터 입력 쿼리문
INSERT INTO CAPT_FINISH (CAPT_CODE) VALUES ('CA1');


-- ADT_APPLY 테이블 데이터 입력 쿼리문
INSERT INTO ADT_APPLY (ADT_APP_CODE, ADT_CODE, USER_CODE, ADT_GENDER, ADT_AGE, ADT_RESIDENCE, ADT_CAT_EXP, ADT_JOB, ADT_MARRIAGE
, ADT_FAMILY_NUM, ADT_FAMILY_CONSENT, ADT_ALLOW, ADT_PET_NUM, ADT_PET_TEXT, ADT_CARE_TIME, ADT_ALLERGY, ADT_ABANDON, ADT_ADAPTION
, A1, A2, A3)
VALUES ('ADAP1', 'ADO1', 'US3', 'ADG2', 'ADA3', 'ADRS1', 'RT1', 'ADJ2', 'RT2', 'ADFN2', 'ADC1', 'RT1', 'ADPN1', '없음'
, 'ADCT2', 'RT2', 'RT2', 'RT2', '잘 키울게요', '진짜 잘 키울게요', '진짜 진짜 잘 키울게요');


-- ACT_LIKE 테이블 데이터 입력 쿼리문
INSERT INTO ACT_LIKE (ACT_LIKE_CODE, ACT_CODE, USER_CODE) VALUES ('AL1', 'AR1', 'US3');


-- ACT_CMT 테이블 데이터 입력 쿼리문
INSERT INTO ACT_CMT (ACT_CMT_CODE, ACT_CODE, USER_CODE, CONTENT) VALUES ('AC1', 'AR1', 'US1', '하위 나는 윤뷔');


-- MIS_IMG 테이블 데이터 입력 쿼리문
INSERT INTO MIS_IMG (MIS_IMG_CODE, MIS_CODE, IMG_FILE) VALUES ('MI1', 'MC1', 'qwer123.jpg');


-- ADT_CMT 테이블 데이터 입력 쿼리문
INSERT INTO ADT_CMT (ADT_CMT_CODE, ADT_CODE, USER_CODE, CONTENT) VALUES ('ADCO1', 'ADO1', 'US1', '끝이 보여요');


-- CAPT_LOG 테이블 데이터 입력 쿼리문
INSERT INTO CAPT_LOG (CAPT_LOG_CODE, CAPT_CODE, USER_CODE, RES_CODE) VALUES ('CAL1', 'CA1', 'US2', 'RT1');


-- MERGE_RESULT 테이블 데이터 입력 쿼리문
INSERT INTO MERGE_RESULT (MERGE_CODE, REQ_CODE, YESNO) VALUES ('MGL1', 'MGR1', 'RT1');


-- SCORE_LOG 테이블 데이터 입력 쿼리문
INSERT INTO SCORE_LOG (SCORE_LOG_CODE, USER_CODE, SCORE_CODE) VALUES ('SCL1', 'US1', 'SCA1');


-- ACT_IMG 테이블 데이터 입력 쿼리문
INSERT INTO ACT_IMG (ACT_IMG_CODE, ACT_CODE, IMG_FILE) VALUES ('AI1', 'AR1', 'aaa123.jpg');


-- QNS_LIST 테이블 데이터 입력 쿼리문
INSERT INTO QNS_LIST (QNS_CODE, ADT_CODE, Q1, Q2, Q3) VALUES ('QN1', 'ADO1', '끝이다', '진짜 끝이다', '진짜 진짜 끝이다');


-- BBS_IMG 테이블 데이터 입력 쿼리문
INSERT INTO BBS_IMG (IMG_CODE, BBS_CODE, IMG_FILE) VALUES ('BI1', 'BR1', 'test12.jpg');


-- MIS_CMT 테이블 데이터 입력 쿼리문
INSERT INTO MIS_CMT (MIS_CMT_CODE, MIS_CODE, USER_CODE, CONTENT) VALUES ('MCO1', 'MC1', 'US3', '힘내세요');
INSERT INTO MIS_CMT (MIS_CMT_CODE, MIS_CODE, USER_CODE, CONTENT) VALUES ('MCO2', 'MC1', 'US1', '윤비에요');


-- BOOKMARK 테이블 데이터 입력 쿼리문
INSERT INTO BOOKMARK (BOOKMARK_ID, CAT_CODE, USER_CODE) VALUES ('BO1', 'CAT1', 'US1');


-- ADT_IMG 테이블 데이터 입력 쿼리문
INSERT INTO ADT_IMG (ADT_IMG_CODE, ADT_CODE, IMG_NAME) VALUES ('ADI1', 'ADO1', 'last.jpg');